{
  "Get to know all the heroes" : {
    "transaction" : "Get to know all the heroes",
    "sampleCount" : 41087,
    "errorCount" : 33857,
    "errorPct" : 82.40319,
    "meanResTime" : 2653.858471049217,
    "medianResTime" : 374.0,
    "minResTime" : 6.0,
    "maxResTime" : 170030.0,
    "pct1ResTime" : 483.0,
    "pct2ResTime" : 534.0,
    "pct3ResTime" : 129175.38000000987,
    "throughput" : 178.67020351365454,
    "receivedKBytesPerSec" : 22654.44203441631,
    "sentKBytesPerSec" : 27.767057314315533
  },
  "Create a hero" : {
    "transaction" : "Create a hero",
    "sampleCount" : 13739,
    "errorCount" : 10912,
    "errorPct" : 79.42354,
    "meanResTime" : 878.0636873134845,
    "medianResTime" : 323.0,
    "minResTime" : 0.0,
    "maxResTime" : 133541.0,
    "pct1ResTime" : 459.0,
    "pct2ResTime" : 479.0,
    "pct3ResTime" : 9685.000000000131,
    "throughput" : 70.79732661379668,
    "receivedKBytesPerSec" : 16.312424798130483,
    "sentKBytesPerSec" : 18.174033390274193
  },
  "Change the hero" : {
    "transaction" : "Change the hero",
    "sampleCount" : 13532,
    "errorCount" : 10952,
    "errorPct" : 80.93408,
    "meanResTime" : 1231.1528968371238,
    "medianResTime" : 329.0,
    "minResTime" : 0.0,
    "maxResTime" : 138280.0,
    "pct1ResTime" : 460.0,
    "pct2ResTime" : 484.0,
    "pct3ResTime" : 55425.35,
    "throughput" : 67.94468824374128,
    "receivedKBytesPerSec" : 15.647055302341812,
    "sentKBytesPerSec" : 17.64186864838674
  },
  "Get a hero by id" : {
    "transaction" : "Get a hero by id",
    "sampleCount" : 14082,
    "errorCount" : 11297,
    "errorPct" : 80.22298,
    "meanResTime" : 2231.861099275664,
    "medianResTime" : 332.0,
    "minResTime" : 2.0,
    "maxResTime" : 138263.0,
    "pct1ResTime" : 468.0,
    "pct2ResTime" : 530.8499999999985,
    "pct3ResTime" : 59987.0,
    "throughput" : 61.24632487256659,
    "receivedKBytesPerSec" : 14.126079942448374,
    "sentKBytesPerSec" : 14.584523717619735
  },
  "Total" : {
    "transaction" : "Total",
    "sampleCount" : 95824,
    "errorCount" : 77952,
    "errorPct" : 81.34914,
    "meanResTime" : 1888.800498831192,
    "medianResTime" : 384.0,
    "minResTime" : 0.0,
    "maxResTime" : 170030.0,
    "pct1ResTime" : 502.0,
    "pct2ResTime" : 817.0,
    "pct3ResTime" : 64607.0,
    "throughput" : 416.6985562706558,
    "receivedKBytesPerSec" : 22710.113532822284,
    "sentKBytesPerSec" : 86.99365344788224
  },
  "Delete a hero" : {
    "transaction" : "Delete a hero",
    "sampleCount" : 13384,
    "errorCount" : 10934,
    "errorPct" : 81.69456,
    "meanResTime" : 881.6938135086654,
    "medianResTime" : 332.0,
    "minResTime" : 0.0,
    "maxResTime" : 138495.0,
    "pct1ResTime" : 462.0,
    "pct2ResTime" : 482.0,
    "pct3ResTime" : 6714.799999999668,
    "throughput" : 58.231560078489046,
    "receivedKBytesPerSec" : 14.237619362407054,
    "sentKBytesPerSec" : 14.035594511531885
  }
}